S,B,status,is_validation,memory_budget_bytes,memory_bytes,latency_s,energy_j,memory_formula,oom_formula
128,128,OK,0,15505063936,223518720,0.016492541500014113,1.1707953280929262,113213200.0,False
32,167,OK,1,15485272064,72546816,0.003075975000001563,0.20948528437732475,13053712.0,False
256,1,OK,0,15485272064,19499008,0.0005310605000090618,0.04203502384484403,7569168.0,False
48,98,OK,1,15485272064,54094848,0.002552606999984164,0.17606593609135163,15902480.0,False
352,8,OK,1,15485272064,82739200,0.00615159550000044,0.425815423887119,55705360.0,False
384,95,OK,1,15485272064,1273507840,0.11733446350001486,8.130794999032014,732593936.0,False
64,128,OK,0,15485272064,76644352,0.005450660999997581,0.3750974755794888,31424272.0,False
64,64,OK,0,15485272064,32210944,0.0015962880000301993,0.11584179822651167,17792784.0,False
384,256,OK,0,15485272064,3384287232,0.30401236000000154,19.867970078350606,1967095568.0,False
64,32,OK,0,15485272064,22642688,0.0010916505000295729,0.07049485241354596,10977040.0,False
384,167,OK,1,15485272064,2284945408,0.19774354699998753,13.868354770051168,1284669200.0,False
48,167,OK,1,15485272064,82222592,0.004201217499996801,0.2954272712999655,24169232.0,False
352,4,OK,1,15485272064,48529408,0.003294845499993926,0.21837900438430458,29933328.0,False
224,256,OK,0,15485272064,1292992512,0.1070386814999722,7.37991708764431,672104208.0,False
256,167,OK,1,15485272064,1142464512,0.08762987049996696,5.967038415877979,573275920.0,False
64,1,OK,0,15485272064,23969792,0.0005486500000415617,0.034207354124267654,4374288.0,False
112,64,OK,1,15485272064,68780032,0.005115947999996706,0.3476083286794341,45907728.0,False
400,16,OK,1,15485272064,259096576,0.013489021000026469,0.9788722138962246,137281296.0,False
512,16,OK,0,15485272064,399734784,0.021289050000007137,1.5020045373998248,222265104.0,False
64,16,OK,0,15485272064,19497472,0.0006478425000011612,0.04370984202130954,7569168.0,False
32,98,OK,1,15485272064,48417792,0.00181883749996814,0.13155576400112357,9379600.0,False
384,128,OK,0,15485272064,1699840000,0.14902166499996383,10.508339026960538,985628432.0,False
64,4,OK,0,15485272064,24903680,0.0005796509999527188,0.037756953130929666,5013264.0,False
352,16,OK,1,15485272064,191234048,0.010837769000033859,0.7557028362872455,107249424.0,False
112,128,OK,1,15485272064,205824000,0.01506354849999525,1.0704463810946265,87654160.0,False
112,95,OK,1,15485272064,158633984,0.011369241500005955,0.7897718753276726,66128656.0,False
32,32,OK,0,15485272064,15958016,0.0006969829999547983,0.04642825719304149,5865232.0,False
352,2,OK,1,15485272064,30580736,0.0015073760000063885,0.12082901284083977,17047312.0,False
112,32,OK,1,15485272064,41025536,0.0025952455000037844,0.18154896374085547,25034512.0,False
512,64,OK,0,15485272064,1553596416,0.08549143549998917,5.799729193078456,876576528.0,False
384,4,OK,0,15485272064,53837824,0.0035129214999756186,0.23850956612022028,34832144.0,False
384,1,OK,0,15485272064,23822336,0.000919395000039458,0.0656041072215399,11829008.0,False
512,95,OK,1,15485272064,2314448896,0.1933702879999828,13.384826880237243,1299152656.0,False
512,256,OK,0,15485272064,6169042944,0.5313543935000098,36.43552980345441,3493822224.0,False
400,4,OK,1,15485272064,57741312,0.0038994285000626405,0.2578111710790211,37441296.0,False
128,2,OK,0,15485272064,17794048,0.0005568834999962746,0.03784039643721021,5865232.0,False
224,16,OK,0,15485272064,68780032,0.004981211499966776,0.31793779948196377,45907728.0,False
224,95,OK,1,15485272064,491986944,0.039345556500052226,2.715899782057226,252030736.0,False
112,98,OK,1,15485272064,175921152,0.012310411500038754,0.8519983409636207,68085520.0,False
48,8,OK,1,15485272064,14983168,0.0006443369999828974,0.03885639496753773,5119760.0,False
128,98,OK,1,15485272064,189210624,0.013487735500007147,0.9522046034248314,87654160.0,False
112,1,OK,1,15485272064,24273920,0.00069816349997609,0.04032673954661709,4813584.0,False
48,95,OK,1,15485272064,53182464,0.002509158999941974,0.1667504164598323,15543056.0,False
128,32,OK,0,15485272064,49381376,0.0031472414999598186,0.22398730615180648,31424272.0,False
112,4,OK,1,15485272064,18698752,0.000631522999981371,0.04260859968827258,6770448.0,False
256,128,OK,0,15485272064,848732160,0.06545511550001493,4.605523479209972,440368912.0,False
512,32,OK,0,15485272064,784355328,0.04228802399995857,2.901306990418645,440368912.0,False
352,64,OK,1,15485272064,717586432,0.04086529599999267,2.8512807297180434,416513808.0,False
48,128,OK,1,15485272064,66551808,0.00306209000001445,0.2152345346456358,19496720.0,False
512,4,OK,0,15485272064,85032960,0.006022016000031272,0.420024960068377,58687248.0,False
256,8,OK,0,15485272064,49381376,0.003214269500062983,0.2228384222517628,31424272.0,False
400,95,OK,1,15485272064,1459593216,0.12327809000004208,8.660390814945746,794561296.0,False
224,4,OK,0,15485272064,27377664,0.0013773919999948703,0.09459116628780655,14597904.0,False
352,128,OK,1,15485272064,1418821632,0.12683529199995291,8.81120114728249,828866320.0,False
112,16,OK,1,15485272064,27377664,0.001368581499946231,0.09273116637957646,14597904.0,False
32,256,OK,0,15485272064,103669760,0.004358850000016901,0.3063937511275987,17792784.0,False
32,8,OK,0,15485272064,19537920,0.00047750049992600907,0.03141746270935063,4587280.0,False
48,2,OK,1,15485272064,14043136,0.0004979504999482742,0.03075963873781334,4400912.0,False
512,167,OK,1,15485272064,4162054144,0.35780424350002704,24.644853749113523,2280619792.0,False
512,98,OK,1,15485272064,2575337472,0.21107473550000577,14.628948176459305,1340047120.0,False
48,32,OK,1,15485272064,18743296,0.000829825500034076,0.05455400654262548,7995152.0,False
112,2,OK,1,15485272064,24725504,0.0005642195000064021,0.03910326592789606,5465872.0,False
400,1,OK,1,15485272064,24609792,0.0007388630000377816,0.07350970223235362,12481296.0,False
128,95,OK,1,15485272064,171024384,0.012652354500062302,0.8727945027176235,85098256.0,False
224,32,OK,0,15485272064,174673920,0.009139022499994098,0.6385603537628,87654160.0,False
400,64,OK,1,15485272064,983007232,0.05483537599997135,3.8863161183377084,536641296.0,False
224,167,OK,1,15485272064,877756416,0.07328067499997815,5.100746422696031,439889680.0,False
64,8,OK,0,15485272064,17793536,0.000630848000014339,0.036743574196589045,5865232.0,False
32,4,OK,0,15485272064,19095552,0.0004930150000177491,0.02901418681034534,4374288.0,False
384,8,OK,0,15485272064,95125504,0.0069092450000312056,0.4730305501885133,65502992.0,False
512,2,OK,0,15485272064,49381376,0.0030815269999493466,0.21248090812630302,31424272.0,False
352,1,OK,1,15485272064,22535168,0.0007887875000278655,0.05998155349903476,10604304.0,False
64,167,OK,1,15485272064,95119872,0.007022711500042078,0.48807384545228355,39730960.0,False
512,1,OK,0,15485272064,32210944,0.0014990090000424061,0.10819916502207573,17792784.0,False
352,256,OK,1,15485272064,2819719168,0.2573672844999919,17.758451631142723,1653571344.0,False
224,128,OK,0,15485272064,655458304,0.052230755500033865,3.640136279263984,338132752.0,False
256,16,OK,0,15485272064,119316480,0.0057325425000271935,0.3993594203106844,58687248.0,False
400,98,OK,1,15485272064,1628536832,0.13394601799996053,9.349526676952632,819521296.0,False
400,256,OK,1,15485272064,3883048960,0.34284775099996523,23.468729731498026,2134081296.0,False
384,98,OK,1,15485272064,1415464960,0.11938099200000352,8.239091637577115,755597072.0,False
224,8,OK,0,15485272064,41025536,0.002637127000014061,0.1885794106750281,25034512.0,False
128,256,OK,0,15485272064,431923200,0.03380625649998592,2.3215525289998578,222265104.0,False
128,64,OK,0,15485272064,119316480,0.006078368999965278,0.411525558518107,58687248.0,False
224,2,OK,0,15485272064,21308928,0.0007708774999741763,0.052376513584669396,9379600.0,False
400,8,OK,1,15485272064,102244352,0.007439516500028276,0.5250574601707031,70721296.0,False
384,16,OK,0,15485272064,227639296,0.012602897500016752,0.8784773491744686,126844688.0,False
512,8,OK,0,15485272064,156336128,0.01186906700002055,0.821129616272767,113213200.0,False
32,128,OK,0,15485272064,59342848,0.0023068019999641365,0.16749193017720468,10977040.0,False
400,128,OK,1,15485272064,1948557312,0.16633307749998494,11.508814019904442,1069121296.0,False
256,98,OK,1,15485272064,713072640,0.05216099900002291,3.7555699435817584,338132752.0,False
128,16,OK,0,15485272064,32210944,0.001563691999990624,0.10937820413098165,17792784.0,False
400,32,OK,1,15485272064,499458048,0.027107849499998338,1.9231117391459376,270401296.0,False
32,64,OK,0,15485272064,18186240,0.0009370244999900024,0.06216395829874869,7569168.0,False
352,95,OK,1,15485272064,1063047168,0.09420941849998599,6.56966644670236,616247056.0,False
352,98,OK,1,15485272064,1179836416,0.10160875050002005,6.948385606231321,635576080.0,False
128,167,OK,1,15485272064,297500672,0.02257754799995837,1.5743572646801673,146439952.0,False
384,2,OK,0,15485272064,33783808,0.0016614539999864064,0.13050034891614856,19496720.0,False
48,16,OK,1,15485272064,16236544,0.0006087104999323856,0.039365977752935155,6078224.0,False
224,98,OK,1,15485272064,549808128,0.04229266499999085,2.889872028424207,259858192.0,False
256,95,OK,1,15485272064,640778240,0.04852424500001007,3.4395178006522835,327909136.0,False
32,2,OK,0,15485272064,18874368,0.0005056994999677045,0.028063656221837978,4267792.0,False
400,167,OK,1,15485272064,2622586880,0.22647008349997577,15.901655909948461,1393601296.0,False
32,95,OK,1,15485272064,47370240,0.001985050999962823,0.1305683817003538,9219856.0,False
32,16,OK,0,15485272064,14843904,0.0005074050000075658,0.03312577709063879,5013264.0,False
128,4,OK,0,15485272064,19497984,0.0005364024999607864,0.04358385873760987,7569168.0,False
256,256,OK,0,15485272064,1683062784,0.1339217170000211,9.244259027042498,876576528.0,False
384,32,OK,0,15485272064,436260864,0.02448836899992557,1.6973196408734237,249528080.0,False
48,64,OK,1,15485272064,23822336,0.001248449499939852,0.08994735903211884,11829008.0,False
64,98,OK,1,15485272064,61664256,0.004177182999967499,0.2973182130092311,25034512.0,False
112,167,OK,1,15485272064,273721344,0.02075408750005181,1.4197631074535841,113093392.0,False
224,64,OK,0,15485272064,335904768,0.01745021300001781,1.2282862731472843,171147024.0,False
112,256,OK,1,15485272064,396533760,0.030614765000052557,2.0891475769193995,171147024.0,False
256,64,OK,0,15485272064,431923200,0.02203114049996202,1.527812287840216,222265104.0,False
128,8,OK,0,15485272064,22642688,0.0010610894999558695,0.07556583780332071,10977040.0,False
384,64,OK,0,15485272064,857407488,0.048600706499996704,3.3523485662289993,494894864.0,False
64,256,OK,0,15485272064,138272768,0.010021252000058212,0.6942439485662716,58687248.0,False
224,1,OK,0,15485272064,18699776,0.0005795294999870748,0.03914250348116456,6770448.0,False
256,32,OK,0,15485272064,223518720,0.011168154500012406,0.7750102328389613,113213200.0,False
48,4,OK,1,15485272064,14356480,0.0006426924999800576,0.03406736708055705,4640528.0,False
400,2,OK,1,15485272064,35489792,0.00174878850003779,0.14412316590006843,20801296.0,False
32,1,OK,0,15485272064,18763776,0.0004992860000356814,0.02892439594545566,4214544.0,False
112,8,OK,1,15485272064,20553728,0.0007250409999528529,0.060273214274805434,9379600.0,False
128,1,OK,0,15485272064,24412160,0.0006325315000026421,0.0437494198393315,5013264.0,False
48,1,OK,1,15485272064,14255616,0.0005143929999462671,0.028661858521457664,4281104.0,False
352,32,OK,1,15485272064,366837760,0.020552210000062132,1.4509297701999309,210337552.0,False
256,4,OK,0,15485272064,32210944,0.0015195040000435256,0.11889868672046687,17792784.0,False
256,2,OK,0,15485272064,22906880,0.0007863714999416516,0.06381945660999504,10977040.0,False
352,167,OK,1,15485272064,1902612480,0.17191772999996147,11.98956997351491,1080143632.0,False
64,2,OK,0,15485272064,24117248,0.0006048925000072813,0.036987305596861066,4587280.0,False
512,128,OK,0,15485272064,3092348928,0.262551285499967,17.958053019473805,1748991760.0,False
64,95,OK,1,15485272064,60342272,0.004148572500071168,0.28110182073723133,24395536.0,False
48,256,OK,1,15485272064,118087680,0.006050288499977796,0.4280016996627049,34832144.0,False
