S,B,status,is_validation,memory_budget_bytes,memory_bytes,latency_s,energy_j,memory_formula,oom_formula,latency_s_predicted,memory_bytes_predicted,energy_j_predicted,flops_predicted
128,128,OK,0,15505063936,223518720,0.0164925415000141,1.1707953280929262,113213200.0,False,0.011917509033828714,113213200.0,0.8463423547876122,37266731520.0
32,167,OK,1,15485272064,72546816,0.0030759750000015,0.2094852843773247,13053712.0,False,0.0013216264503695912,13053712.0,0.09220769737082503,3087993660.0
256,1,OK,0,15485272064,19499008,0.000531060500009,0.042035023844844,7569168.0,False,0.0007250512195021328,7569168.0,0.04974799155491761,1163643492.0
48,98,OK,1,15485272064,54094848,0.0025526069999841,0.1760659360913516,15902480.0,False,0.0016163900563699544,15902480.0,0.11318673798203682,4038801480.0
352,8,OK,1,15485272064,82739200,0.0061515955000004,0.425815423887119,55705360.0,False,0.00581988955046665,55705360.0,0.4123599900413638,17597870880.0
384,95,OK,1,15485272064,1273507840,0.1173344635000148,8.130794999032014,732593936.0,False,0.07746212279490834,732593936.0,5.511311455274824,248691514140.0
64,128,OK,0,15485272064,76644352,0.0054506609999975,0.3750974755794888,31424272.0,False,0.0032619502102231783,31424272.0,0.2303052444500171,9346822656.0
64,64,OK,0,15485272064,32210944,0.0015962880000301,0.1158417982265116,17792784.0,False,0.0018131279073478968,17792784.0,0.12718904790568358,4673411328.0
384,256,OK,0,15485272064,3384287232,0.3040123600000015,19.86797007835061,1967095568.0,False,0.20812263403343625,1967095568.0,14.810736878749237,670158185472.0
64,32,OK,0,15485272064,22642688,0.0010916505000295,0.0704948524135459,10977040.0,False,0.001088716755910256,10977040.0,0.07563094963351684,2336705664.0
384,167,OK,1,15485272064,2284945408,0.1977435469999875,13.868354770051168,1284669200.0,False,0.13589415266555438,1284669200.0,9.670060712977667,437173503804.0
48,167,OK,1,15485272064,82222592,0.0042012174999968,0.2954272712999655,24169232.0,False,0.002497959721481346,24169232.0,0.17593018876598973,6882447420.0
352,4,OK,1,15485272064,48529408,0.0032948454999939,0.2183790043843045,29933328.0,False,0.0030920975774696323,29933328.0,0.21821642070135694,8798935440.0
224,256,OK,0,15485272064,1292992512,0.1070386814999722,7.37991708764431,672104208.0,False,0.07107628599301527,672104208.0,5.056815965070648,228092961792.0
256,167,OK,1,15485272064,1142464512,0.0876298704999669,5.967038415877979,573275920.0,False,0.060608823314402045,573275920.0,4.3118212636871265,194328463164.0
64,1,OK,0,15485272064,23969792,0.0005486500000415,0.0342073541242676,4374288.0,False,0.0004371665766299638,4374288.0,0.0290027221181277,73022052.0
112,64,OK,1,15485272064,68780032,0.0051159479999967,0.3476083286794341,45907728.0,False,0.0047884762529623,45907728.0,0.3389518045842319,14270880000.0
400,16,OK,1,15485272064,259096576,0.0134890210000264,0.9788722138962246,137281296.0,False,0.01445368650200334,137281296.0,1.0268482551734632,45447583296.0
512,16,OK,0,15485272064,399734784,0.0212890500000071,1.5020045373998248,222265104.0,False,0.02344735309215597,222265104.0,1.6669493151336208,74458113600.0
64,16,OK,0,15485272064,19497472,0.0006478425000011,0.0437098420213095,7569168.0,False,0.000726676097699327,7569168.0,0.049862798036767506,1168352832.0
32,98,OK,1,15485272064,48417792,0.0018188374999681,0.1315557640011235,9379600.0,False,0.0009260866996696431,9379600.0,0.06405617416930545,1812116040.0
384,128,OK,0,15485272064,1699840000,0.1490216649999638,10.508339026960538,985628432.0,False,0.10424346981895444,985628432.0,7.417404865055294,335079092736.0
64,4,OK,0,15485272064,24903680,0.0005796509999527,0.0377569531309296,5013264.0,False,0.0004950684808438364,5013264.0,0.03317473730185566,292088208.0
352,16,OK,1,15485272064,191234048,0.0108377690000338,0.7557028362872455,107249424.0,False,0.011275473496460683,107249424.0,0.8006471287213774,35195741760.0
112,128,OK,1,15485272064,205824000,0.0150635484999952,1.0704463810946263,87654160.0,False,0.009212646901451984,87654160.0,0.6538307578071136,28541760000.0
112,95,OK,1,15485272064,158633984,0.0113692415000059,0.7897718753276726,66128656.0,False,0.006931433910824491,66128656.0,0.4914712975515653,21183337500.0
32,32,OK,0,15485272064,15958016,0.0006969829999547,0.0464282571930414,5865232.0,False,0.0005749251376614896,5865232.0,0.038924703501969395,591711360.0
352,2,OK,1,15485272064,30580736,0.0015073760000063,0.1208290128408397,17047312.0,False,0.0017282015909711238,17047312.0,0.12114463603135353,4399467720.0
112,32,OK,1,15485272064,41025536,0.0025952455000037,0.1815489637408554,25034512.0,False,0.0025763909287174576,25034512.0,0.181512327972791,7135440000.0
512,64,OK,0,15485272064,1553596416,0.0854914354999891,5.799729193078456,876576528.0,False,0.09269649555520604,876576528.0,6.595578706450433,297832454400.0
384,4,OK,0,15485272064,53837824,0.0035129214999756,0.2385095661202202,34832144.0,False,0.003610529486175172,34832144.0,0.25511447678928584,10471221648.0
384,1,OK,0,15485272064,23822336,0.0009193950000394,0.0656041072215399,11829008.0,False,0.0011758615748982545,11829008.0,0.08183325771833402,2617805412.0
512,95,OK,1,15485272064,2314448896,0.1933702879999828,13.384826880237243,1299152656.0,False,0.13741990006259253,1299152656.0,9.778651855009207,442095049500.0
512,256,OK,0,15485272064,6169042944,0.5313543935000098,36.43552980345441,3493822224.0,False,0.36969306540740626,3493822224.0,26.31009627171768,1191329817600.0
400,4,OK,1,15485272064,57741312,0.0038994285000626,0.2578111710790211,37441296.0,False,0.0038866508288552966,37441296.0,0.2747667023143784,11361895824.0
128,2,OK,0,15485272064,17794048,0.0005568834999962,0.0378403964372102,5865232.0,False,0.0005716074903292108,5865232.0,0.038690604391373826,582292680.0
224,16,OK,0,15485272064,68780032,0.0049812114999667,0.3179377994819637,45907728.0,False,0.0047838043787565305,45907728.0,0.33861929596818113,14255810112.0
224,95,OK,1,15485272064,491986944,0.0393455565000522,2.715899782057226,252030736.0,False,0.026605079576783364,252030736.0,1.8916923662144096,84643872540.0
112,98,OK,1,15485272064,175921152,0.0123104115000387,0.8519983409636207,68085520.0,False,0.007138816909972446,68085520.0,0.5062312484838879,21852285000.0
48,8,OK,1,15485272064,14983168,0.0006443369999828,0.0388563949675377,5119760.0,False,0.0005051058570682477,5119760.0,0.033897384728713134,329698080.0
128,98,OK,1,15485272064,189210624,0.0134877355000071,0.9522046034248314,87654160.0,False,0.009209726980073378,87654160.0,0.653622939922082,28532341320.0
112,1,OK,1,15485272064,24273920,0.000698163499976,0.040326739546617,4813584.0,False,0.00047674604752290706,4813584.0,0.03185488824308723,222982500.0
48,95,OK,1,15485272064,53182464,0.0025091589999419,0.1667504164598323,15543056.0,False,0.001578060940495546,15543056.0,0.1104587618609954,3915164700.0
128,32,OK,0,15485272064,49381376,0.0031472414999598,0.2239873061518064,31424272.0,False,0.00325260646181164,31424272.0,0.22964022721791563,9316682880.0
112,4,OK,1,15485272064,18698752,0.0006315229999813,0.0426085996882725,6770448.0,False,0.0006533863644156096,6770448.0,0.04458340180169378,891930000.0
256,128,OK,0,15485272064,848732160,0.0654551155000149,4.605523479209972,440368912.0,False,0.04653974432825086,440368912.0,3.3104907961379926,148946366976.0
512,32,OK,0,15485272064,784355328,0.0422880239999585,2.901306990418645,440368912.0,False,0.04653040057983932,440368912.0,3.3098257789058914,148916227200.0
352,64,OK,1,15485272064,717586432,0.0408652959999926,2.8512807297180434,416513808.0,False,0.044008977172424885,416513808.0,3.1303699608014597,140782967040.0
48,128,OK,1,15485272064,66551808,0.0030620900000144,0.2152345346456358,19496720.0,False,0.001999681215114038,19496720.0,0.14046649919245113,5275169280.0
512,4,OK,0,15485272064,85032960,0.0060220160000312,0.420024960068377,58687248.0,False,0.0061350674763934535,58687248.0,0.4347919673044177,18614528400.0
256,8,OK,0,15485272064,49381376,0.0032142695000629,0.2228384222517628,31424272.0,False,0.0032502705247087556,31424272.0,0.22947397290989027,9309147936.0
400,95,OK,1,15485272064,1459593216,0.123278090000042,8.660390814945746,794561296.0,False,0.0840200046835613,794561296.0,5.978051811495773,269845025820.0
224,4,OK,0,15485272064,27377664,0.0013773919999948,0.0945911662878065,14597904.0,False,0.0014691802980435942,14597904.0,0.10270946251305786,3563952528.0
352,128,OK,1,15485272064,1418821632,0.1268352919999529,8.81120114728249,828866320.0,False,0.08765364874037716,828866320.0,6.23666707024157,281565934080.0
112,16,OK,1,15485272064,27377664,0.0013685814999462,0.0927311663795764,14597904.0,False,0.0014703482665950364,14597904.0,0.10279258966707054,3567720000.0
32,256,OK,0,15485272064,103669760,0.0043588500000169,0.3063937511275987,17792784.0,False,0.0018318154041709735,17792784.0,0.12851908236988652,4733690880.0
32,8,OK,0,15485272064,19537920,0.000477500499926,0.0314174627093506,4587280.0,False,0.00045713074083437706,4587280.0,0.030440213668156135,147927840.0
48,2,OK,1,15485272064,14043136,0.0004979504999482,0.0307596387378133,4400912.0,False,0.0004396759206860666,4400912.0,0.02918338397484207,82424520.0
512,167,OK,1,15485272064,4162054144,0.357804243500027,24.644853749113523,2280619792.0,False,0.24129361375716762,2280619792.0,17.171595941984425,777156560700.0
512,98,OK,1,15485272064,2575337472,0.2110747355000057,14.628948176459303,1340047120.0,False,0.14174797146653315,1340047120.0,10.086691191966507,456055945800.0
48,32,OK,1,15485272064,18743296,0.000829825500034,0.0545540065426254,7995152.0,False,0.0007731495071329709,7995152.0,0.053171263319125354,1318792320.0
112,2,OK,1,15485272064,24725504,0.0005642195000064,0.039103265927896,5465872.0,False,0.0005356261531538079,5465872.0,0.03609772609595607,445965000.0
400,1,OK,1,15485272064,24609792,0.0007388630000377,0.0735097022323536,12481296.0,False,0.0012448919105682856,12481296.0,0.08674631409960716,2840473956.0
128,95,OK,1,15485272064,171024384,0.0126523545000623,0.8727945027176235,85098256.0,False,0.008938948774697844,85098256.0,0.634350998435529,27658902300.0
224,32,OK,0,15485272064,174673920,0.009139022499994,0.6385603537628,87654160.0,False,0.009203303153040446,87654160.0,0.6531657405750122,28511620224.0
400,64,OK,1,15485272064,983007232,0.0548353759999713,3.886316118337709,536641296.0,False,0.056721829194595515,536641296.0,4.035174466609803,181790333184.0
224,167,OK,1,15485272064,877756416,0.0732806749999781,5.100746422696031,439889680.0,False,0.046492824061060985,439889680.0,3.3071513669451496,148795018044.0
64,8,OK,0,15485272064,17793536,0.0006308480000143,0.036743574196589,5865232.0,False,0.0005722710197956667,5865232.0,0.03873742421349295,584176416.0
32,4,OK,0,15485272064,19095552,0.0004930150000177,0.0290141868103453,4374288.0,False,0.00043749834136319165,4374288.0,0.029026132029187256,73963920.0
384,8,OK,0,15485272064,95125504,0.0069092450000312,0.4730305501885133,65502992.0,False,0.006856753367877728,65502992.0,0.48615610221722155,20942443296.0
512,2,OK,0,15485272064,49381376,0.0030815269999493,0.212480908126303,31424272.0,False,0.0032496865404330346,31424272.0,0.22943240933288392,9307264200.0
352,1,OK,1,15485272064,22535168,0.0007887875000278,0.0599815534990347,10604304.0,False,0.0010462535977218694,10604304.0,0.0726087436963518,2199733860.0
64,167,OK,1,15485272064,95119872,0.007022711500042,0.4880738454522835,39730960.0,False,0.004144826301037803,39730960.0,0.2931416767192203,12194682684.0
512,1,OK,0,15485272064,32210944,0.0014990090000424,0.1081991650220757,17792784.0,False,0.001806996072452825,17792784.0,0.126752630347117,4653632100.0
352,256,OK,1,15485272064,2819719168,0.2573672844999919,17.758451631142723,1653571344.0,False,0.1749429918762817,1653571344.0,12.44926128912179,563131868160.0
224,128,OK,0,15485272064,655458304,0.0522307555000338,3.640136279263984,338132752.0,False,0.03572029579874394,338132752.0,2.5404444082159987,114046480896.0
256,16,OK,0,15485272064,119316480,0.0057325425000271,0.3993594203106844,58687248.0,False,0.0061362354449448955,58687248.0,0.4348750944584304,18618295872.0
400,98,OK,1,15485272064,1628536832,0.1339460179999605,9.349526676952632,819521296.0,False,0.08666176360184831,819521296.0,6.166072199710543,278366447688.0
400,256,OK,1,15485272064,3883048960,0.3428477509999652,23.468729731498023,2134081296.0,False,0.22579439996496423,2134081296.0,16.068479312355162,727161332736.0
384,98,OK,1,15485272064,1415464960,0.1193809920000035,8.239091637577115,755597072.0,False,0.07989679070618526,755597072.0,5.684592674345776,256544930376.0
224,8,OK,0,15485272064,41025536,0.002637127000014,0.1885794106750281,25034512.0,False,0.002574054991614573,25034512.0,0.18134607366476563,7127905056.0
128,256,OK,0,15485272064,431923200,0.0338062564999859,2.3215525289998578,222265104.0,False,0.023470712463184815,222265104.0,1.6686118582138745,74533463040.0
128,64,OK,0,15485272064,119316480,0.0060783689999652,0.411525558518107,58687248.0,False,0.006140907319150665,58687248.0,0.4352076030744812,18633365760.0
224,2,OK,0,15485272064,21308928,0.0007708774999741,0.0523765135846693,9379600.0,False,0.0009167429512581047,9379600.0,0.06339115693720399,1781976264.0
400,8,OK,1,15485272064,102244352,0.0074395165000282,0.5250574601707031,70721296.0,False,0.0074089960532379776,70721296.0,0.5254605532674066,22723791648.0
384,16,OK,0,15485272064,227639296,0.0126028975000167,0.8784773491744686,126844688.0,False,0.013349201131282842,126844688.0,0.948239353073093,41884886592.0
512,8,OK,0,15485272064,156336128,0.0118690670000205,0.821129616272767,113213200.0,False,0.011905829348314292,113213200.0,0.8455110832474854,37229056800.0
32,128,OK,0,15485272064,59342848,0.0023068019999641,0.1674919301772046,10977040.0,False,0.0010980605043217945,10977040.0,0.07629596686561832,2366845440.0
400,128,OK,1,15485272064,1948557312,0.1663330774999849,11.508814019904442,1069121296.0,False,0.11307935278471842,1069121296.0,8.046276081858256,363580666368.0
256,98,OK,1,15485272064,713072640,0.0521609990000229,3.7555699435817584,338132752.0,False,0.03571737587736533,338132752.0,2.540236590330967,114037062216.0
128,16,OK,0,15485272064,32210944,0.0015636919999906,0.1093782041309816,17792784.0,False,0.0018084560331421277,17792784.0,0.12685653928963284,4658341440.0
400,32,OK,1,15485272064,499458048,0.0271078494999983,1.9231117391459376,270401296.0,False,0.028543067399534067,270401296.0,2.0296236589855763,90895166592.0
32,64,OK,0,15485272064,18186240,0.00093702449999,0.0621639582987486,7569168.0,False,0.0007319843334309731,7569168.0,0.05023735661372042,1183422720.0
352,95,OK,1,15485272064,1063047168,0.0942094184999859,6.56966644670236,616247056.0,False,0.06514936496315177,616247056.0,4.634982623186513,208974716700.0
352,98,OK,1,15485272064,1179836416,0.10160875050002,6.948385606231321,635576080.0,False,0.06719520894289954,635576080.0,4.780590300191519,215573918280.0
128,167,OK,1,15485272064,297500672,0.0225775479999583,1.5743572646801671,146439952.0,False,0.01543762570371065,146439952.0,1.0968775941128013,48621438780.0
384,2,OK,0,15485272064,33783808,0.0016614539999864,0.1305003489161485,19496720.0,False,0.0019874175453238937,19496720.0,0.13959366407531795,5235610824.0
48,16,OK,1,15485272064,16236544,0.0006087104999323,0.0393659777529351,6078224.0,False,0.0005923457722444893,6078224.0,0.0401827190672079,659396160.0
224,98,OK,1,15485272064,549808128,0.0422926649999908,2.889872028424207,259858192.0,False,0.0274337355969616,259858192.0,1.9506698245781906,87316836936.0
256,95,OK,1,15485272064,640778240,0.04852424500001,3.4395178006522835,327909136.0,False,0.03463513903227678,327909136.0,2.4632111697502643,110546131740.0
32,2,OK,0,15485272064,18874368,0.0005056994999677,0.0280636562218379,4267792.0,False,0.00042768214162759895,4267792.0,0.02831909120970282,36981960.0
400,167,OK,1,15485272064,2622586880,0.2264700834999757,15.90165590994846,1393601296.0,False,0.14742221872244957,1393601296.0,10.49054112865028,474359150652.0
32,95,OK,1,15485272064,47370240,0.0019850509999628,0.1305683817003538,9219856.0,False,0.0009088893192044279,9219856.0,0.06283219489967415,1756643100.0
32,16,OK,0,15485272064,14843904,0.0005074050000075,0.0331257770906387,5013264.0,False,0.000496395539776748,5013264.0,0.03326837694609389,295855680.0
128,4,OK,0,15485272064,19497984,0.0005364024999607,0.0435838587376098,7569168.0,False,0.0007253490387664156,7569168.0,0.04976915839252928,1164585360.0
256,256,OK,0,15485272064,1683062784,0.1339217170000211,9.244259027042498,876576528.0,False,0.09271518305202911,876576528.0,6.596908740914636,297892733952.0
384,32,OK,0,15485272064,436260864,0.0244883689999255,1.6973196408734237,249528080.0,False,0.02633409665809307,249528080.0,1.8724058547848361,83769773184.0
48,64,OK,1,15485272064,23822336,0.0012484494999398,0.0899473590321188,11829008.0,False,0.0011819934097933265,11829008.0,0.08226967527690061,2637584640.0
64,98,OK,1,15485272064,61664256,0.0041771829999674,0.2973182130092311,25034512.0,False,0.0025828147557503903,25034512.0,0.18196952731986074,7156161096.0
112,167,OK,1,15485272064,273721344,0.0207540875000518,1.419763107453584,113093392.0,False,0.011908625890375385,113093392.0,0.8457101199273074,37238077500.0
224,64,OK,0,15485272064,335904768,0.0174502130000178,1.2282862731472843,171147024.0,False,0.01804230070160828,171147024.0,1.2822586297886744,57023240448.0
112,256,OK,1,15485272064,396533760,0.0306147650000525,2.0891475769193995,171147024.0,False,0.018060988198431355,171147024.0,1.2835886642528773,57083520000.0
256,64,OK,0,15485272064,431923200,0.022031140499962,1.527812287840216,222265104.0,False,0.02345202496636174,222265104.0,1.6672818237496716,74473183488.0
128,8,OK,0,15485272064,22642688,0.0010610894999558,0.0755658378033207,10977040.0,False,0.0010863808188073714,10977040.0,0.07546469532549147,2329170720.0
384,64,OK,0,15485272064,857407488,0.0486007064999967,3.3523485662289993,494894864.0,False,0.05230388771171352,494894864.0,3.7207388582083216,167539546368.0
64,256,OK,0,15485272064,138272768,0.0100212520000582,0.6942439485662716,58687248.0,False,0.006159594815973741,58687248.0,0.436537637538684,18693645312.0
224,1,OK,0,15485272064,18699776,0.000579529499987,0.0391425034811645,6770448.0,False,0.0006530545996823817,6770448.0,0.04455999189063422,890988132.0
256,32,OK,0,15485272064,223518720,0.0111681545000124,0.7750102328389613,113213200.0,False,0.011908165285417176,113213200.0,0.8456773375555108,37236591744.0
48,4,OK,1,15485272064,14356480,0.00064269249998,0.034067367080557,4640528.0,False,0.00046148589948012697,4640528.0,0.030754717559465756,164849040.0
400,2,OK,1,15485272064,35489792,0.0017487885000377,0.1441231659000684,20801296.0,False,0.002125478216663956,20801296.0,0.14941977683786425,5680947912.0
32,1,OK,0,15485272064,18763776,0.0004992860000356,0.0289243959454556,4214544.0,False,0.0004227740417598026,4214544.0,0.0279655707999606,18490980.0
112,8,OK,1,15485272064,20553728,0.0007250409999528,0.0602732142748054,9379600.0,False,0.0009173269355338259,9379600.0,0.06343272051421031,1783860000.0
128,1,OK,0,15485272064,24412160,0.0006325315000026,0.0437494198393315,5013264.0,False,0.0004947367161106086,5013264.0,0.033151327390796105,291146340.0
48,1,OK,1,15485272064,14255616,0.0005143929999462,0.0286618585214576,4281104.0,False,0.0004287709312890364,4281104.0,0.028397717182530226,41212260.0
352,32,OK,1,15485272064,366837760,0.0205522100000621,1.4509297701999309,210337552.0,False,0.022186641388448752,210337552.0,1.5772214060814052,70391483520.0
256,4,OK,0,15485272064,32210944,0.0015195040000435,0.1188986867204668,17792784.0,False,0.0018072880645906854,17792784.0,0.12677341213562018,4654573968.0
256,2,OK,0,15485272064,22906880,0.0007863714999416,0.063819456609995,10977040.0,False,0.0010857968345316504,10977040.0,0.07542313174848514,2327286984.0
352,167,OK,1,15485272064,1902612480,0.1719177299999614,11.98956997351491,1080143632.0,False,0.11424962047709808,1080143632.0,8.129566871306636,367355554620.0
64,2,OK,0,15485272064,24117248,0.0006048925000072,0.036987305596861,4587280.0,False,0.0004564672113679213,4587280.0,0.03039339384603702,146044104.0
512,128,OK,0,15485272064,3092348928,0.262551285499967,17.958053019473805,1748991760.0,False,0.18502868550593946,1748991760.0,13.167084561539516,595664908800.0
64,95,OK,1,15485272064,60342272,0.0041485725000711,0.2811018207372313,24395536.0,False,0.0025149012103031112,24395536.0,0.1771359556068451,6937094940.0
48,256,OK,1,15485272064,118087680,0.0060502884999777,0.4280016996627049,34832144.0,False,0.0036350568257554603,34832144.0,0.25686014702355214,10550338560.0
